sim_time,state,agent_action,agent_reard,agent_id,agent_speed,agent_waiting,agent_jeck,agent_collision
128.0,[-0.585 -1.     0.    -0.92   0.117 -0.41   0.02 ],0.7102951407432556,-11.85971636334926,rl_0,2.9065625521161973,0.0,0.0,3
128.4,[-0.585 -1.     0.    -0.891  0.144 -0.41   0.02 ],0.6994569301605225,-11.85971636334926,rl_0,2.9065625521161973,0.0,0.0,5
128.8,[-0.545 -1.     0.069 -0.869  0.053 -0.41   0.02 ],0.6879961490631104,-12.17127702192351,rl_0,3.1817610117414414,0.0,1.7199903726577759,7
129.2,[-0.506 -1.     0.069 -0.867 -0.038 -0.41   0.02 ],0.7274466156959534,-11.2039897839581,rl_0,3.4569594713666856,0.0,0.0,9
129.6,[-0.532 -1.    -0.044 -0.864  0.061 -0.971 -0.158],0.7529654502868652,-13.08467090854513,rl_0,3.279033427335734,0.0,-2.832028147851223,11
130.0,[-0.557 -1.    -0.044 -0.84   0.16  -0.941 -0.116],0.7241941690444946,-11.661697517318022,rl_0,3.1011073833047824,0.0,0.0,13
