sim_time,state,agent_action,agent_reard,agent_id,agent_speed,agent_waiting,agent_jeck,agent_collision
126.8,[-0.666 -1.     0.    -0.948  0.207 -0.459 -0.078],0.7414896488189697,-12.435362347852395,rl_0,2.3410156199727665,0.0,-2.7755575615628914e-15,3
127.2,[-0.666 -1.     0.    -0.903  0.199 -0.459 -0.078],0.704504668712616,-12.435362347852397,rl_0,2.341015619972766,0.0,0.0,5
127.6,[-0.626 -1.     0.069 -0.861  0.171 -0.459 -0.078],0.6858608722686768,-12.744125412850874,rl_0,2.6153599688802367,0.0,1.7146521806716941,7
128.0,[-0.587 -1.     0.068 -0.824  0.161 -0.459 -0.078],0.68262779712677,-11.8782050269957,rl_0,2.888411087730945,0.0,-0.008082687854765735,9
128.4,[-0.55  -1.     0.066 -0.789  0.152 -0.459 -0.078],0.659001886844635,-11.610581779500473,rl_0,3.1520118424687986,0.0,-0.05906477570533919,11
128.8,[-0.513 -1.     0.064 -0.761  0.097 -0.961 -0.09 ],0.6378353238105774,-11.350753983070113,rl_0,3.4071459719930295,0.0,-0.05291640758514349,13
129.2,[-0.474 -1.     0.069 -0.746  0.04  -0.937 -0.119],0.6910418272018433,-11.072379874903497,rl_0,3.683562702873767,0.0,0.13301625847816634,15
129.6,[-0.436 -1.     0.065 -0.729  0.113 -0.907 -0.147],0.6553561687469482,-10.803609459683962,rl_0,3.945705170372546,0.0,-0.08921414613723977,17
130.0,[-0.399 -1.     0.065 -0.696  0.185 -0.877 -0.12 ],0.648422122001648,-10.53807729277871,rl_0,4.205074019173205,0.0,-0.017335116863251288,19
