sim_time,state,agent_action,agent_reard,agent_id,agent_speed,agent_waiting,agent_jeck,agent_collision
128.0,[-0.887 -1.     0.008 -0.922  0.29  -0.936  0.116],0.08377912640571594,-14.023752565671835,rl_0,0.7891116505622864,0.0,0.20944781601428958,3
128.4,[-0.882 -1.     0.008 -0.853  0.33  -0.936  0.116],0.8370240330696106,-13.98086881525145,rl_0,0.8226233011245727,0.0,0.0,5
128.8,[-0.842 -1.     0.07  -0.779  0.33  -0.936  0.116],0.6997120380401611,-14.170202746449634,rl_0,1.1025081163406372,0.0,1.5398322790861132,7
129.2,[-0.803 -1.     0.07  -0.705  0.33  -0.936  0.116],0.7160221338272095,-13.411103298561603,rl_0,1.3823929315567016,0.0,0.0,9
129.6,[-0.766 -1.     0.063 -0.63   0.335 -0.936  0.116],0.630989134311676,-13.160104126462944,rl_0,1.6347885852813722,0.0,-0.17180725932121194,11
130.0,[-0.73  -1.     0.063 -0.554  0.341 -0.936  0.116],0.6656249761581421,-12.897297860622096,rl_0,1.8871842390060427,0.0,0.0,12
